{"loss/ratio":1,"loss/actor_loss":3.268719e-08,"_runtime":1385.232476474,"eval/episodic_return":-77902.77,"loss/value_loss":5.649959e+07,"loss/approx_kl":-8.9406965e-13,"loss/clip_frac":0,"loss/entropy":5.6757536,"_wandb":{"runtime":1531},"_timestamp":1.745659967273324e+09,"eval/episodic_length":12.452552,"eval/success_rate":0,"loss/total_loss":5.649959e+07,"_step":22541,"global_step":9200000}