{"loss/entropy":5.6880116,"_step":120,"loss/ratio":1.0000736,"loss/approx_kl":0.0010965556,"_wandb":{"runtime":348},"loss/actor_loss":-3.2011013e-07,"loss/total_loss":5.6466636e+07,"global_step":4400000,"_runtime":348.300624227,"_timestamp":1.7456524766255724e+09,"loss/value_loss":5.6466636e+07,"eval/success_rate":0,"eval/episodic_length":12.696607,"loss/clip_frac":0.0012557813,"eval/episodic_return":-79612.19}